method,data_name,model_name,Remove Col Names,Order Cols,Recall,F1 Score
Zero-Shot,fodors-zagats,all-mpnet-base-v2,True,True,1.0,0.5945945945945946
Zero-Shot,fodors-zagats,all-mpnet-base-v2,False,True,1.0,0.36065573770491804
Zero-Shot,fodors-zagats,all-mpnet-base-v2,True,False,1.0,0.5789473684210527
Zero-Shot,fodors-zagats,all-mpnet-base-v2,False,False,1.0,0.34375
Zero-Shot,fodors-zagats,sentence-transformers/multi-qa-mpnet-base-dot-v1,True,True,1.0,0.4583333333333333
Zero-Shot,fodors-zagats,sentence-transformers/multi-qa-mpnet-base-dot-v1,False,True,1.0,0.29333333333333333
Zero-Shot,fodors-zagats,sentence-transformers/multi-qa-mpnet-base-dot-v1,True,False,1.0,0.46808510638297873
Zero-Shot,fodors-zagats,sentence-transformers/multi-qa-mpnet-base-dot-v1,False,False,1.0,0.29333333333333333
Zero-Shot,amazon-google,all-mpnet-base-v2,True,True,0.7890625,0.6029850746268657
Zero-Shot,amazon-google,all-mpnet-base-v2,False,True,0.84375,0.6486486486486487
Zero-Shot,amazon-google,all-mpnet-base-v2,True,False,0.8203125,0.6441717791411042
Zero-Shot,amazon-google,all-mpnet-base-v2,False,False,0.828125,0.6523076923076923
Zero-Shot,amazon-google,sentence-transformers/multi-qa-mpnet-base-dot-v1,True,True,0.8984375,0.5168539325842697
Zero-Shot,amazon-google,sentence-transformers/multi-qa-mpnet-base-dot-v1,False,True,0.953125,0.4460694698354662
Zero-Shot,amazon-google,sentence-transformers/multi-qa-mpnet-base-dot-v1,True,False,0.8125,0.5502645502645502
Zero-Shot,amazon-google,sentence-transformers/multi-qa-mpnet-base-dot-v1,False,False,0.9453125,0.5226781857451404
Zero-Shot,abt-buy,all-mpnet-base-v2,True,True,0.9174311926605505,0.43103448275862066
Zero-Shot,abt-buy,all-mpnet-base-v2,False,True,0.9541284403669725,0.3674911660777385
Zero-Shot,abt-buy,all-mpnet-base-v2,True,False,0.9357798165137615,0.41379310344827586
Zero-Shot,abt-buy,all-mpnet-base-v2,False,False,0.963302752293578,0.3620689655172414
Zero-Shot,abt-buy,sentence-transformers/multi-qa-mpnet-base-dot-v1,True,True,0.963302752293578,0.39106145251396646
Zero-Shot,abt-buy,sentence-transformers/multi-qa-mpnet-base-dot-v1,False,True,0.9724770642201835,0.3419354838709677
Zero-Shot,abt-buy,sentence-transformers/multi-qa-mpnet-base-dot-v1,True,False,0.963302752293578,0.3736654804270463
Zero-Shot,abt-buy,sentence-transformers/multi-qa-mpnet-base-dot-v1,False,False,0.9724770642201835,0.334913112164297
Cross-Encoder,fodors-zagats,cross-encoder/stsb-roberta-base,True,True,1.0,1.0
Cross-Encoder,fodors-zagats,cross-encoder/stsb-roberta-base,False,True,1.0,1.0
Cross-Encoder,fodors-zagats,cross-encoder/stsb-roberta-base,True,False,1.0,1.0
Cross-Encoder,fodors-zagats,cross-encoder/stsb-roberta-base,False,False,1.0,1.0
Cross-Encoder,fodors-zagats,cross-encoder/stsb-distilroberta-base,True,True,1.0,1.0
Cross-Encoder,fodors-zagats,cross-encoder/stsb-distilroberta-base,False,True,1.0,1.0
Cross-Encoder,fodors-zagats,cross-encoder/stsb-distilroberta-base,True,False,1.0,1.0
Cross-Encoder,fodors-zagats,cross-encoder/stsb-distilroberta-base,False,False,1.0,1.0
Cross-Encoder,fodors-zagats,cross-encoder/ms-marco-MiniLM-L-12-v2,True,True,1.0,0.9565217391304348
Cross-Encoder,fodors-zagats,cross-encoder/ms-marco-MiniLM-L-12-v2,False,True,1.0,1.0
Cross-Encoder,fodors-zagats,cross-encoder/ms-marco-MiniLM-L-12-v2,True,False,1.0,0.9565217391304348
Cross-Encoder,fodors-zagats,cross-encoder/ms-marco-MiniLM-L-12-v2,False,False,1.0,0.8148148148148148
Cross-Encoder,amazon-google,cross-encoder/stsb-roberta-base,True,True,0.90625,0.8957528957528957
Cross-Encoder,amazon-google,cross-encoder/stsb-roberta-base,False,True,0.90625,0.8888888888888888
Cross-Encoder,amazon-google,cross-encoder/stsb-roberta-base,True,False,0.9140625,0.9034749034749034
Cross-Encoder,amazon-google,cross-encoder/stsb-roberta-base,False,False,0.8984375,0.8712121212121212
Cross-Encoder,amazon-google,cross-encoder/stsb-distilroberta-base,True,True,0.890625,0.8444444444444444
Cross-Encoder,amazon-google,cross-encoder/stsb-distilroberta-base,False,True,0.8515625,0.8482490272373541
Cross-Encoder,amazon-google,cross-encoder/stsb-distilroberta-base,True,False,0.875,0.8484848484848485
Cross-Encoder,amazon-google,cross-encoder/stsb-distilroberta-base,False,False,0.8359375,0.84251968503937
Cross-Encoder,amazon-google,cross-encoder/ms-marco-MiniLM-L-12-v2,True,True,0.84375,0.8181818181818182
Cross-Encoder,amazon-google,cross-encoder/ms-marco-MiniLM-L-12-v2,False,True,0.8984375,0.8487084870848709
Cross-Encoder,amazon-google,cross-encoder/ms-marco-MiniLM-L-12-v2,True,False,0.828125,0.828125
Cross-Encoder,amazon-google,cross-encoder/ms-marco-MiniLM-L-12-v2,False,False,0.8671875,0.8409090909090909
Cross-Encoder,abt-buy,cross-encoder/stsb-roberta-base,True,True,0.9174311926605505,0.9389671361502347
Cross-Encoder,abt-buy,cross-encoder/stsb-roberta-base,False,True,0.926605504587156,0.9395348837209302
Cross-Encoder,abt-buy,cross-encoder/stsb-roberta-base,True,False,0.9174311926605505,0.9389671361502347
Cross-Encoder,abt-buy,cross-encoder/stsb-roberta-base,False,False,0.9357798165137615,0.9488372093023256
Cross-Encoder,abt-buy,cross-encoder/stsb-distilroberta-base,True,True,0.8990825688073395,0.9245283018867925
Cross-Encoder,abt-buy,cross-encoder/stsb-distilroberta-base,False,True,0.908256880733945,0.9209302325581395
Cross-Encoder,abt-buy,cross-encoder/stsb-distilroberta-base,True,False,0.9174311926605505,0.9302325581395349
Cross-Encoder,abt-buy,cross-encoder/stsb-distilroberta-base,False,False,0.8990825688073395,0.92018779342723
Cross-Encoder,abt-buy,cross-encoder/ms-marco-MiniLM-L-12-v2,True,True,0.8807339449541285,0.9014084507042254
Cross-Encoder,abt-buy,cross-encoder/ms-marco-MiniLM-L-12-v2,False,True,0.8440366972477065,0.8720379146919431
Cross-Encoder,abt-buy,cross-encoder/ms-marco-MiniLM-L-12-v2,True,False,0.8348623853211009,0.8666666666666667
Cross-Encoder,abt-buy,cross-encoder/ms-marco-MiniLM-L-12-v2,False,False,0.8807339449541285,0.8767123287671232
SBERTs,fodors-zagats,roberta-base,True,True,1.0,1.0
SBERTs,fodors-zagats,roberta-base,False,True,1.0,1.0
SBERTs,fodors-zagats,roberta-base,True,False,1.0,1.0
SBERTs,fodors-zagats,roberta-base,False,False,1.0,1.0
SBERTs,fodors-zagats,distilroberta-base,True,True,1.0,1.0
SBERTs,fodors-zagats,distilroberta-base,False,True,0.0,0.0
SBERTs,fodors-zagats,distilroberta-base,True,False,1.0,1.0
SBERTs,fodors-zagats,distilroberta-base,False,False,1.0,1.0
SBERTs,fodors-zagats,bert-base-uncased,True,True,0.0,0.0
SBERTs,fodors-zagats,bert-base-uncased,False,True,1.0,1.0
SBERTs,fodors-zagats,bert-base-uncased,True,False,1.0,1.0
SBERTs,fodors-zagats,bert-base-uncased,False,False,0.0,0.0
SBERTs,amazon-google,roberta-base,True,True,0.609375,0.7255813953488373
SBERTs,amazon-google,roberta-base,False,True,0.8046875,0.8142292490118577
SBERTs,amazon-google,roberta-base,True,False,0.71875,0.7965367965367965
SBERTs,amazon-google,roberta-base,False,False,0.8203125,0.8235294117647058
SBERTs,amazon-google,distilroberta-base,True,True,0.6875,0.7685589519650655
SBERTs,amazon-google,distilroberta-base,False,True,0.6328125,0.7431192660550459
SBERTs,amazon-google,distilroberta-base,True,False,0.65625,0.7466666666666667
SBERTs,amazon-google,distilroberta-base,False,False,0.703125,0.7531380753138075
SBERTs,amazon-google,bert-base-uncased,True,True,0.7109375,0.774468085106383
SBERTs,amazon-google,bert-base-uncased,False,True,0.7578125,0.7791164658634538
SBERTs,amazon-google,bert-base-uncased,True,False,0.7578125,0.7886178861788617
SBERTs,amazon-google,bert-base-uncased,False,False,0.78125,0.7936507936507936
SBERTs,abt-buy,roberta-base,True,True,0.9174311926605505,0.9049773755656109
SBERTs,abt-buy,roberta-base,False,True,0.8623853211009175,0.8909952606635071
SBERTs,abt-buy,roberta-base,True,False,0.7889908256880734,0.8557213930348259
SBERTs,abt-buy,roberta-base,False,False,0.7889908256880734,0.8514851485148515
SBERTs,abt-buy,distilroberta-base,True,True,0.8623853211009175,0.8785046728971962
SBERTs,abt-buy,distilroberta-base,False,True,0.7339449541284404,0.8205128205128205
SBERTs,abt-buy,distilroberta-base,True,False,0.8623853211009175,0.9082125603864735
SBERTs,abt-buy,distilroberta-base,False,False,0.8165137614678899,0.8768472906403941
SBERTs,abt-buy,bert-base-uncased,True,True,0.7981651376146789,0.848780487804878
SBERTs,abt-buy,bert-base-uncased,False,True,0.8807339449541285,0.8648648648648649
SBERTs,abt-buy,bert-base-uncased,True,False,0.8899082568807339,0.8858447488584474
SBERTs,abt-buy,bert-base-uncased,False,False,0.8440366972477065,0.832579185520362
Blocking,fodors-zagats,sentence-transformers/allenai-specter,True,True,1.0,0.9858007622748673
Blocking,fodors-zagats,sentence-transformers/allenai-specter,True,True,1.0,0.9773409694285681
Blocking,fodors-zagats,sentence-transformers/allenai-specter,True,True,1.0,0.9690311383299196
Blocking,fodors-zagats,sentence-transformers/allenai-specter,True,True,1.0,0.9605851543306252
Blocking,fodors-zagats,sentence-transformers/allenai-specter,True,True,1.0,0.9522237102717983
Blocking,fodors-zagats,sentence-transformers/allenai-specter,True,True,1.0,0.9436792173228394
Blocking,fodors-zagats,sentence-transformers/allenai-specter,True,True,1.0,0.9351806305395528
Blocking,fodors-zagats,sentence-transformers/allenai-specter,True,True,1.0,0.9266486784107467
Blocking,fodors-zagats,sentence-transformers/allenai-specter,True,True,1.0,0.918154725404106
Blocking,fodors-zagats,sentence-transformers/allenai-specter,True,True,1.0,0.9095690763449367
Blocking,fodors-zagats,sentence-transformers/allenai-specter,True,True,1.0,0.9008289435564513
Blocking,fodors-zagats,sentence-transformers/allenai-specter,True,True,1.0,0.8924171226061217
Blocking,fodors-zagats,sentence-transformers/allenai-specter,True,True,1.0,0.8838402530644522
Blocking,fodors-zagats,sentence-transformers/allenai-specter,False,True,1.0,0.9857191314196357
Blocking,fodors-zagats,sentence-transformers/allenai-specter,False,True,1.0,0.9769673704414586
Blocking,fodors-zagats,sentence-transformers/allenai-specter,False,True,1.0,0.9683227489093951
Blocking,fodors-zagats,sentence-transformers/allenai-specter,False,True,1.0,0.9596013504548202
Blocking,fodors-zagats,sentence-transformers/allenai-specter,False,True,1.0,0.950774921794155
Blocking,fodors-zagats,sentence-transformers/allenai-specter,False,True,1.0,0.9419529338386988
Blocking,fodors-zagats,sentence-transformers/allenai-specter,False,True,1.0,0.9331394206202586
Blocking,fodors-zagats,sentence-transformers/allenai-specter,False,True,1.0,0.9242959141987842
Blocking,fodors-zagats,sentence-transformers/allenai-specter,False,True,1.0,0.9153812577232123
Blocking,fodors-zagats,sentence-transformers/allenai-specter,False,True,1.0,0.9066395634565269
Blocking,fodors-zagats,sentence-transformers/allenai-specter,False,True,1.0,0.8979520446758471
Blocking,fodors-zagats,sentence-transformers/allenai-specter,False,True,1.0,0.889163833270369
Blocking,fodors-zagats,sentence-transformers/allenai-specter,False,True,1.0,0.8802592077787721
Blocking,fodors-zagats,sentence-transformers/allenai-specter,True,False,1.0,0.9858707211220648
Blocking,fodors-zagats,sentence-transformers/allenai-specter,True,False,1.0,0.9773291133370432
Blocking,fodors-zagats,sentence-transformers/allenai-specter,True,False,1.0,0.9689015908639291
Blocking,fodors-zagats,sentence-transformers/allenai-specter,True,False,1.0,0.9604167219094255
Blocking,fodors-zagats,sentence-transformers/allenai-specter,True,False,1.0,0.9518720072242488
Blocking,fodors-zagats,sentence-transformers/allenai-specter,True,False,1.0,0.9431413483973965
Blocking,fodors-zagats,sentence-transformers/allenai-specter,True,False,1.0,0.9342414860681114
Blocking,fodors-zagats,sentence-transformers/allenai-specter,True,False,1.0,0.9252297448362621
Blocking,fodors-zagats,sentence-transformers/allenai-specter,True,False,1.0,0.9162241108698256
Blocking,fodors-zagats,sentence-transformers/allenai-specter,True,False,1.0,0.9071373705337232
Blocking,fodors-zagats,sentence-transformers/allenai-specter,True,False,1.0,0.8977868020304568
Blocking,fodors-zagats,sentence-transformers/allenai-specter,True,False,1.0,0.8884639616935484
Blocking,fodors-zagats,sentence-transformers/allenai-specter,True,False,1.0,0.8791458731071375
Blocking,fodors-zagats,sentence-transformers/allenai-specter,False,False,1.0,0.9855470805217657
Blocking,fodors-zagats,sentence-transformers/allenai-specter,False,False,1.0,0.9767092498876209
Blocking,fodors-zagats,sentence-transformers/allenai-specter,False,False,1.0,0.9678278065104959
Blocking,fodors-zagats,sentence-transformers/allenai-specter,False,False,1.0,0.9588860825228969
Blocking,fodors-zagats,sentence-transformers/allenai-specter,False,False,1.0,0.9497130542458446
Blocking,fodors-zagats,sentence-transformers/allenai-specter,False,False,1.0,0.9405582962266813
Blocking,fodors-zagats,sentence-transformers/allenai-specter,False,False,1.0,0.9314205589928559
Blocking,fodors-zagats,sentence-transformers/allenai-specter,False,False,1.0,0.9221304088833224
Blocking,fodors-zagats,sentence-transformers/allenai-specter,False,False,1.0,0.9128213660676872
Blocking,fodors-zagats,sentence-transformers/allenai-specter,False,False,1.0,0.9036636102920386
Blocking,fodors-zagats,sentence-transformers/allenai-specter,False,False,1.0,0.8943814450756568
Blocking,fodors-zagats,sentence-transformers/allenai-specter,False,False,1.0,0.8851873734230208
Blocking,fodors-zagats,sentence-transformers/allenai-specter,False,False,1.0,0.8756886624414895
Blocking,fodors-zagats,all-distilroberta-v1,True,True,1.0,0.9865028278284746
Blocking,fodors-zagats,all-distilroberta-v1,True,True,1.0,0.9788178637270025
Blocking,fodors-zagats,all-distilroberta-v1,True,True,1.0,0.9711744809890366
Blocking,fodors-zagats,all-distilroberta-v1,True,True,1.0,0.9634614932669033
Blocking,fodors-zagats,all-distilroberta-v1,True,True,1.0,0.9558112419136229
Blocking,fodors-zagats,all-distilroberta-v1,True,True,1.0,0.9482290940091452
Blocking,fodors-zagats,all-distilroberta-v1,True,True,1.0,0.940656899243425
Blocking,fodors-zagats,all-distilroberta-v1,True,True,1.0,0.9331394206202586
Blocking,fodors-zagats,all-distilroberta-v1,True,True,1.0,0.9255439333729197
Blocking,fodors-zagats,all-distilroberta-v1,True,True,1.0,0.9180883813915838
Blocking,fodors-zagats,all-distilroberta-v1,True,True,1.0,0.9106396379151719
Blocking,fodors-zagats,all-distilroberta-v1,True,True,1.0,0.9031592232345745
Blocking,fodors-zagats,all-distilroberta-v1,True,True,1.0,0.8956133898809058
Blocking,fodors-zagats,all-distilroberta-v1,False,True,1.0,0.985821167935662
Blocking,fodors-zagats,all-distilroberta-v1,False,True,1.0,0.9774150637728117
Blocking,fodors-zagats,all-distilroberta-v1,False,True,1.0,0.9691486067206956
Blocking,fodors-zagats,all-distilroberta-v1,False,True,1.0,0.9607259831758524
Blocking,fodors-zagats,all-distilroberta-v1,False,True,1.0,0.9522641565460107
Blocking,fodors-zagats,all-distilroberta-v1,False,True,1.0,0.9440016759692939
Blocking,fodors-zagats,all-distilroberta-v1,False,True,1.0,0.9358068777483547
Blocking,fodors-zagats,all-distilroberta-v1,False,True,1.0,0.9277120516381561
Blocking,fodors-zagats,all-distilroberta-v1,False,True,1.0,0.9194567364375507
Blocking,fodors-zagats,all-distilroberta-v1,False,True,1.0,0.9111069278270343
Blocking,fodors-zagats,all-distilroberta-v1,False,True,1.0,0.9025997654954918
Blocking,fodors-zagats,all-distilroberta-v1,False,True,1.0,0.8939204905236892
Blocking,fodors-zagats,all-distilroberta-v1,False,True,1.0,0.8851486274708054
Blocking,fodors-zagats,all-distilroberta-v1,True,False,1.0,0.9863310427248283
Blocking,fodors-zagats,all-distilroberta-v1,True,False,1.0,0.9783299841905017
Blocking,fodors-zagats,all-distilroberta-v1,True,False,1.0,0.9704059479901023
Blocking,fodors-zagats,all-distilroberta-v1,True,False,1.0,0.9624282130979301
Blocking,fodors-zagats,all-distilroberta-v1,True,False,1.0,0.9545303703703704
Blocking,fodors-zagats,all-distilroberta-v1,True,False,1.0,0.9467786613176684
Blocking,fodors-zagats,all-distilroberta-v1,True,False,1.0,0.9389047604727393
Blocking,fodors-zagats,all-distilroberta-v1,True,False,1.0,0.9309899778227516
Blocking,fodors-zagats,all-distilroberta-v1,True,False,1.0,0.9230154079066246
Blocking,fodors-zagats,all-distilroberta-v1,True,False,1.0,0.915011054497597
Blocking,fodors-zagats,all-distilroberta-v1,True,False,1.0,0.9071339856223847
Blocking,fodors-zagats,all-distilroberta-v1,True,False,1.0,0.8992206949479319
Blocking,fodors-zagats,all-distilroberta-v1,True,False,1.0,0.8911431866677979
Blocking,fodors-zagats,all-distilroberta-v1,False,False,1.0,0.9857686945773869
Blocking,fodors-zagats,all-distilroberta-v1,False,False,1.0,0.9772638999194208
Blocking,fodors-zagats,all-distilroberta-v1,False,False,1.0,0.9687750246959043
Blocking,fodors-zagats,all-distilroberta-v1,False,False,1.0,0.960101147040447
Blocking,fodors-zagats,all-distilroberta-v1,False,False,1.0,0.9512957002190461
Blocking,fodors-zagats,all-distilroberta-v1,False,False,1.0,0.9423715604580062
Blocking,fodors-zagats,all-distilroberta-v1,False,False,1.0,0.9336359542683756
Blocking,fodors-zagats,all-distilroberta-v1,False,False,1.0,0.9250824056980265
Blocking,fodors-zagats,all-distilroberta-v1,False,False,1.0,0.9163772161772881
Blocking,fodors-zagats,all-distilroberta-v1,False,False,1.0,0.9075637016625903
Blocking,fodors-zagats,all-distilroberta-v1,False,False,1.0,0.8986743990786028
Blocking,fodors-zagats,all-distilroberta-v1,False,False,1.0,0.8895903223167024
Blocking,fodors-zagats,all-distilroberta-v1,False,False,1.0,0.8802734213850049
Blocking,fodors-zagats,all-mpnet-base-v2,True,True,1.0,0.986348515056278
Blocking,fodors-zagats,all-mpnet-base-v2,True,True,1.0,0.9784483008204933
Blocking,fodors-zagats,all-mpnet-base-v2,True,True,1.0,0.9706612522572194
Blocking,fodors-zagats,all-mpnet-base-v2,True,True,1.0,0.9629710181133118
Blocking,fodors-zagats,all-mpnet-base-v2,True,True,1.0,0.9555299668761452
Blocking,fodors-zagats,all-mpnet-base-v2,True,True,1.0,0.9482290940091452
Blocking,fodors-zagats,all-mpnet-base-v2,True,True,1.0,0.9409430621004292
Blocking,fodors-zagats,all-mpnet-base-v2,True,True,1.0,0.9336423997171257
Blocking,fodors-zagats,all-mpnet-base-v2,True,True,1.0,0.9263939389329235
Blocking,fodors-zagats,all-mpnet-base-v2,True,True,1.0,0.9189270340242353
Blocking,fodors-zagats,all-mpnet-base-v2,True,True,1.0,0.9117953652473738
Blocking,fodors-zagats,all-mpnet-base-v2,True,True,1.0,0.9048647709144181
Blocking,fodors-zagats,all-mpnet-base-v2,True,True,1.0,0.8980931502057999
Blocking,fodors-zagats,all-mpnet-base-v2,False,True,1.0,0.9857307937749007
Blocking,fodors-zagats,all-mpnet-base-v2,False,True,1.0,0.9771275177124039
Blocking,fodors-zagats,all-mpnet-base-v2,False,True,1.0,0.9685911470589095
Blocking,fodors-zagats,all-mpnet-base-v2,False,True,1.0,0.9600704984998437
Blocking,fodors-zagats,all-mpnet-base-v2,False,True,1.0,0.9514452893996261
Blocking,fodors-zagats,all-mpnet-base-v2,False,True,1.0,0.9427803528999338
Blocking,fodors-zagats,all-mpnet-base-v2,False,True,1.0,0.9341545636886494
Blocking,fodors-zagats,all-mpnet-base-v2,False,True,1.0,0.925471948059067
Blocking,fodors-zagats,all-mpnet-base-v2,False,True,1.0,0.916779743229221
Blocking,fodors-zagats,all-mpnet-base-v2,False,True,1.0,0.9081924400326757
Blocking,fodors-zagats,all-mpnet-base-v2,False,True,1.0,0.8994026731546032
Blocking,fodors-zagats,all-mpnet-base-v2,False,True,1.0,0.8904353404359693
Blocking,fodors-zagats,all-mpnet-base-v2,False,True,1.0,0.8813880646224861
Blocking,fodors-zagats,all-mpnet-base-v2,True,False,1.0,0.9862145451202133
Blocking,fodors-zagats,all-mpnet-base-v2,True,False,1.0,0.9780814300360868
Blocking,fodors-zagats,all-mpnet-base-v2,True,False,1.0,0.9701715573248965
Blocking,fodors-zagats,all-mpnet-base-v2,True,False,1.0,0.9621962805116575
Blocking,fodors-zagats,all-mpnet-base-v2,True,False,1.0,0.9543072892587455
Blocking,fodors-zagats,all-mpnet-base-v2,True,False,1.0,0.9464390220597896
Blocking,fodors-zagats,all-mpnet-base-v2,True,False,1.0,0.9385504438675286
Blocking,fodors-zagats,all-mpnet-base-v2,True,False,1.0,0.9304780091540117
Blocking,fodors-zagats,all-mpnet-base-v2,True,False,1.0,0.9225155127766649
Blocking,fodors-zagats,all-mpnet-base-v2,True,False,1.0,0.9144435864224688
Blocking,fodors-zagats,all-mpnet-base-v2,True,False,1.0,0.9065141936283624
Blocking,fodors-zagats,all-mpnet-base-v2,True,False,1.0,0.8985953302534648
Blocking,fodors-zagats,all-mpnet-base-v2,True,False,1.0,0.8906132587131156
Blocking,fodors-zagats,all-mpnet-base-v2,False,False,1.0,0.9856695634175721
Blocking,fodors-zagats,all-mpnet-base-v2,False,False,1.0,0.9769050774035102
Blocking,fodors-zagats,all-mpnet-base-v2,False,False,1.0,0.9682955997462009
Blocking,fodors-zagats,all-mpnet-base-v2,False,False,1.0,0.9596013504548202
Blocking,fodors-zagats,all-mpnet-base-v2,False,False,1.0,0.950940254797901
Blocking,fodors-zagats,all-mpnet-base-v2,False,False,1.0,0.9421020282728949
Blocking,fodors-zagats,all-mpnet-base-v2,False,False,1.0,0.9332587598633492
Blocking,fodors-zagats,all-mpnet-base-v2,False,False,1.0,0.9244860884196152
Blocking,fodors-zagats,all-mpnet-base-v2,False,False,1.0,0.9156279195554899
Blocking,fodors-zagats,all-mpnet-base-v2,False,False,1.0,0.9066802177678487
Blocking,fodors-zagats,all-mpnet-base-v2,False,False,1.0,0.897666281358368
Blocking,fodors-zagats,all-mpnet-base-v2,False,False,1.0,0.888523485070419
Blocking,fodors-zagats,all-mpnet-base-v2,False,False,1.0,0.8791245096014867
Blocking,fodors-zagats,multi-qa-mpnet-base-dot-v1,True,True,1.0,0.9863805460995965
Blocking,fodors-zagats,multi-qa-mpnet-base-dot-v1,True,True,1.0,0.9785429343955719
Blocking,fodors-zagats,multi-qa-mpnet-base-dot-v1,True,True,1.0,0.9709404401514223
Blocking,fodors-zagats,multi-qa-mpnet-base-dot-v1,True,True,1.0,0.9632543926661574
Blocking,fodors-zagats,multi-qa-mpnet-base-dot-v1,True,True,1.0,0.955752526672487
Blocking,fodors-zagats,multi-qa-mpnet-base-dot-v1,True,True,1.0,0.948435972629521
Blocking,fodors-zagats,multi-qa-mpnet-base-dot-v1,True,True,1.0,0.9411464616455704
Blocking,fodors-zagats,multi-qa-mpnet-base-dot-v1,True,True,1.0,0.9339935588734676
Blocking,fodors-zagats,multi-qa-mpnet-base-dot-v1,True,True,1.0,0.9267531519474397
Blocking,fodors-zagats,multi-qa-mpnet-base-dot-v1,True,True,1.0,0.9194699723471822
Blocking,fodors-zagats,multi-qa-mpnet-base-dot-v1,True,True,1.0,0.9124360045247614
Blocking,fodors-zagats,multi-qa-mpnet-base-dot-v1,True,True,1.0,0.9056663461836678
Blocking,fodors-zagats,multi-qa-mpnet-base-dot-v1,True,True,1.0,0.8989562042656765
Blocking,fodors-zagats,multi-qa-mpnet-base-dot-v1,False,True,1.0,0.9858182528915359
Blocking,fodors-zagats,multi-qa-mpnet-base-dot-v1,False,True,1.0,0.9773320773856967
Blocking,fodors-zagats,multi-qa-mpnet-base-dot-v1,False,True,1.0,0.9688774854177138
Blocking,fodors-zagats,multi-qa-mpnet-base-dot-v1,False,True,1.0,0.9604259105399306
Blocking,fodors-zagats,multi-qa-mpnet-base-dot-v1,False,True,1.0,0.952061893942769
Blocking,fodors-zagats,multi-qa-mpnet-base-dot-v1,False,True,1.0,0.9434926072089443
Blocking,fodors-zagats,multi-qa-mpnet-base-dot-v1,False,True,1.0,0.9351774171158176
Blocking,fodors-zagats,multi-qa-mpnet-base-dot-v1,False,True,1.0,0.9270011951064496
Blocking,fodors-zagats,multi-qa-mpnet-base-dot-v1,False,True,1.0,0.9187448288542273
Blocking,fodors-zagats,multi-qa-mpnet-base-dot-v1,False,True,1.0,0.9105050916748492
Blocking,fodors-zagats,multi-qa-mpnet-base-dot-v1,False,True,1.0,0.902340311025251
Blocking,fodors-zagats,multi-qa-mpnet-base-dot-v1,False,True,1.0,0.8939655631796226
Blocking,fodors-zagats,multi-qa-mpnet-base-dot-v1,False,True,1.0,0.885581724406937
Blocking,fodors-zagats,multi-qa-mpnet-base-dot-v1,True,False,1.0,0.9862174578866768
Blocking,fodors-zagats,multi-qa-mpnet-base-dot-v1,True,False,1.0,0.9781021475013395
Blocking,fodors-zagats,multi-qa-mpnet-base-dot-v1,True,False,1.0,0.9701745630087529
Blocking,fodors-zagats,multi-qa-mpnet-base-dot-v1,True,False,1.0,0.9622512212840173
Blocking,fodors-zagats,multi-qa-mpnet-base-dot-v1,True,False,1.0,0.9542855957394473
Blocking,fodors-zagats,multi-qa-mpnet-base-dot-v1,True,False,1.0,0.9465145163794443
Blocking,fodors-zagats,multi-qa-mpnet-base-dot-v1,True,False,1.0,0.9385217051231912
Blocking,fodors-zagats,multi-qa-mpnet-base-dot-v1,True,False,1.0,0.9303450763788049
Blocking,fodors-zagats,multi-qa-mpnet-base-dot-v1,True,False,1.0,0.9224135035013942
Blocking,fodors-zagats,multi-qa-mpnet-base-dot-v1,True,False,1.0,0.9144268871987989
Blocking,fodors-zagats,multi-qa-mpnet-base-dot-v1,True,False,1.0,0.9063210000526931
Blocking,fodors-zagats,multi-qa-mpnet-base-dot-v1,True,False,1.0,0.8980965913526849
Blocking,fodors-zagats,multi-qa-mpnet-base-dot-v1,True,False,1.0,0.8899641047098018
Blocking,fodors-zagats,multi-qa-mpnet-base-dot-v1,False,False,1.0,0.9857074687961733
Blocking,fodors-zagats,multi-qa-mpnet-base-dot-v1,False,False,1.0,0.9771482738728502
Blocking,fodors-zagats,multi-qa-mpnet-base-dot-v1,False,False,1.0,0.9686092362915697
Blocking,fodors-zagats,multi-qa-mpnet-base-dot-v1,False,False,1.0,0.9600613035853756
Blocking,fodors-zagats,multi-qa-mpnet-base-dot-v1,False,False,1.0,0.9514857957922264
Blocking,fodors-zagats,multi-qa-mpnet-base-dot-v1,False,False,1.0,0.9427328351321711
Blocking,fodors-zagats,multi-qa-mpnet-base-dot-v1,False,False,1.0,0.9341384653957342
Blocking,fodors-zagats,multi-qa-mpnet-base-dot-v1,False,False,1.0,0.9257303959178206
Blocking,fodors-zagats,multi-qa-mpnet-base-dot-v1,False,False,1.0,0.9171221546705295
Blocking,fodors-zagats,multi-qa-mpnet-base-dot-v1,False,False,1.0,0.9084727726064858
Blocking,fodors-zagats,multi-qa-mpnet-base-dot-v1,False,False,1.0,0.8998453498958606
Blocking,fodors-zagats,multi-qa-mpnet-base-dot-v1,False,False,1.0,0.8910630327106328
Blocking,fodors-zagats,multi-qa-mpnet-base-dot-v1,False,False,1.0,0.8822031159911551
Blocking,amazon-google,sentence-transformers/allenai-specter,True,True,0.899075500770416,0.9439362354782554
Blocking,amazon-google,sentence-transformers/allenai-specter,True,True,0.9221879815100154,0.9546687414195385
Blocking,amazon-google,sentence-transformers/allenai-specter,True,True,0.9322033898305084,0.9581317437859822
Blocking,amazon-google,sentence-transformers/allenai-specter,True,True,0.9414483821263482,0.9610738820149465
Blocking,amazon-google,sentence-transformers/allenai-specter,True,True,0.9506933744221879,0.9639441389062936
Blocking,amazon-google,sentence-transformers/allenai-specter,True,True,0.9560862865947611,0.9647745018105603
Blocking,amazon-google,sentence-transformers/allenai-specter,True,True,0.9583975346687211,0.963999666835054
Blocking,amazon-google,sentence-transformers/allenai-specter,True,True,0.960708782742681,0.9632024557202516
Blocking,amazon-google,sentence-transformers/allenai-specter,True,True,0.9653312788906009,0.9635435198763201
Blocking,amazon-google,sentence-transformers/allenai-specter,True,True,0.9707241910631741,0.9641995559061907
Blocking,amazon-google,sentence-transformers/allenai-specter,True,True,0.9714946070878274,0.962552522203008
Blocking,amazon-google,sentence-transformers/allenai-specter,True,True,0.9745762711864406,0.9620259708571686
Blocking,amazon-google,sentence-transformers/allenai-specter,True,True,0.9815100154083205,0.9633455016631987
Blocking,amazon-google,sentence-transformers/allenai-specter,False,True,0.886748844375963,0.9370205643562264
Blocking,amazon-google,sentence-transformers/allenai-specter,False,True,0.9137134052388289,0.9499987231608814
Blocking,amazon-google,sentence-transformers/allenai-specter,False,True,0.9244992295839753,0.9539187934144591
Blocking,amazon-google,sentence-transformers/allenai-specter,False,True,0.9360554699537751,0.9581116331421476
Blocking,amazon-google,sentence-transformers/allenai-specter,False,True,0.9460708782742681,0.9613912423885209
Blocking,amazon-google,sentence-transformers/allenai-specter,False,True,0.9506933744221879,0.9618505447468597
Blocking,amazon-google,sentence-transformers/allenai-specter,False,True,0.9560862865947611,0.9626434450915792
Blocking,amazon-google,sentence-transformers/allenai-specter,False,True,0.9576271186440678,0.9614571711437191
Blocking,amazon-google,sentence-transformers/allenai-specter,False,True,0.9591679506933745,0.9602360458887177
Blocking,amazon-google,sentence-transformers/allenai-specter,False,True,0.9637904468412943,0.960534225764361
Blocking,amazon-google,sentence-transformers/allenai-specter,False,True,0.9653312788906009,0.9592710233528587
Blocking,amazon-google,sentence-transformers/allenai-specter,False,True,0.9699537750385208,0.95951716687384
Blocking,amazon-google,sentence-transformers/allenai-specter,False,True,0.9745762711864406,0.9597190427809219
Blocking,amazon-google,sentence-transformers/allenai-specter,True,False,0.8975346687211094,0.9431223841050281
Blocking,amazon-google,sentence-transformers/allenai-specter,True,False,0.9206471494607088,0.9538673294227322
Blocking,amazon-google,sentence-transformers/allenai-specter,True,False,0.9322033898305084,0.9581465434786848
Blocking,amazon-google,sentence-transformers/allenai-specter,True,False,0.9437596302003082,0.9622978131025135
Blocking,amazon-google,sentence-transformers/allenai-specter,True,False,0.9491525423728814,0.9631788236064196
Blocking,amazon-google,sentence-transformers/allenai-specter,True,False,0.9545454545454546,0.9640149769230864
Blocking,amazon-google,sentence-transformers/allenai-specter,True,False,0.9583975346687211,0.9640316502547945
Blocking,amazon-google,sentence-transformers/allenai-specter,True,False,0.9599383667180277,0.9628614378709034
Blocking,amazon-google,sentence-transformers/allenai-specter,True,False,0.9645608628659477,0.963187850973771
Blocking,amazon-google,sentence-transformers/allenai-specter,True,False,0.9684129429892142,0.9631030791515963
Blocking,amazon-google,sentence-transformers/allenai-specter,True,False,0.9707241910631741,0.9622234433478799
Blocking,amazon-google,sentence-transformers/allenai-specter,True,False,0.9738058551617874,0.9617071845221336
Blocking,amazon-google,sentence-transformers/allenai-specter,True,False,0.9791987673343605,0.9622773746565784
Blocking,amazon-google,sentence-transformers/allenai-specter,False,False,0.9044684129429892,0.946920276393105
Blocking,amazon-google,sentence-transformers/allenai-specter,False,False,0.9275808936825886,0.9575558990036688
Blocking,amazon-google,sentence-transformers/allenai-specter,False,False,0.938366718027735,0.9613658629504757
Blocking,amazon-google,sentence-transformers/allenai-specter,False,False,0.9491525423728814,0.9650486701676884
Blocking,amazon-google,sentence-transformers/allenai-specter,False,False,0.9560862865947611,0.9666615919611897
Blocking,amazon-google,sentence-transformers/allenai-specter,False,False,0.960708782742681,0.9670574259629184
Blocking,amazon-google,sentence-transformers/allenai-specter,False,False,0.9645608628659477,0.9670175231669786
Blocking,amazon-google,sentence-transformers/allenai-specter,False,False,0.9653312788906009,0.9654217078425976
Blocking,amazon-google,sentence-transformers/allenai-specter,False,False,0.9691833590138675,0.9653334045186277
Blocking,amazon-google,sentence-transformers/allenai-specter,False,False,0.9768875192604006,0.9671152494754495
Blocking,amazon-google,sentence-transformers/allenai-specter,False,False,0.9784283513097073,0.9658151485571578
Blocking,amazon-google,sentence-transformers/allenai-specter,False,False,0.9838212634822804,0.9663727809807926
Blocking,amazon-google,sentence-transformers/allenai-specter,False,False,0.9861325115562404,0.9654208642555058
Blocking,amazon-google,all-distilroberta-v1,True,True,0.9244992295839753,0.9580380092408968
Blocking,amazon-google,all-distilroberta-v1,True,True,0.9453004622496148,0.967299312781666
Blocking,amazon-google,all-distilroberta-v1,True,True,0.9537750385208013,0.9698605115272326
Blocking,amazon-google,all-distilroberta-v1,True,True,0.963020030816641,0.9727560821907267
Blocking,amazon-google,all-distilroberta-v1,True,True,0.9661016949152542,0.9724340935958327
Blocking,amazon-google,all-distilroberta-v1,True,True,0.9699537750385208,0.9724662131287093
Blocking,amazon-google,all-distilroberta-v1,True,True,0.975346687211094,0.9732295167981062
Blocking,amazon-google,all-distilroberta-v1,True,True,0.977657935285054,0.9724292558756605
Blocking,amazon-google,all-distilroberta-v1,True,True,0.9807395993836672,0.9719648162703717
Blocking,amazon-google,all-distilroberta-v1,True,True,0.9807395993836672,0.9699437106402491
Blocking,amazon-google,all-distilroberta-v1,True,True,0.9838212634822804,0.9694245649433457
Blocking,amazon-google,all-distilroberta-v1,True,True,0.9884437596302003,0.9696424468428491
Blocking,amazon-google,all-distilroberta-v1,True,True,0.9907550077041603,0.9687009879445229
Blocking,amazon-google,all-distilroberta-v1,False,True,0.9083204930662557,0.9491162878760987
Blocking,amazon-google,all-distilroberta-v1,False,True,0.9306625577812019,0.9593714896943933
Blocking,amazon-google,all-distilroberta-v1,False,True,0.9445300462249615,0.9648034067244273
Blocking,amazon-google,all-distilroberta-v1,False,True,0.9537750385208013,0.9677063797466592
Blocking,amazon-google,all-distilroberta-v1,False,True,0.963020030816641,0.9704938126707477
Blocking,amazon-google,all-distilroberta-v1,False,True,0.9676425269645609,0.97087168034415
Blocking,amazon-google,all-distilroberta-v1,False,True,0.9745762711864406,0.9723842999647624
Blocking,amazon-google,all-distilroberta-v1,False,True,0.9768875192604006,0.9715409798546257
Blocking,amazon-google,all-distilroberta-v1,False,True,0.9799691833590138,0.9710504973604182
Blocking,amazon-google,all-distilroberta-v1,False,True,0.9807395993836672,0.9694049206696645
Blocking,amazon-google,all-distilroberta-v1,False,True,0.9830508474576272,0.9684870141094641
Blocking,amazon-google,all-distilroberta-v1,False,True,0.9884437596302003,0.9690469694908865
Blocking,amazon-google,all-distilroberta-v1,False,True,0.9915254237288136,0.9684544285939733
Blocking,amazon-google,all-distilroberta-v1,True,False,0.923728813559322,0.9576299913909304
Blocking,amazon-google,all-distilroberta-v1,True,False,0.9360554699537751,0.9624559836549481
Blocking,amazon-google,all-distilroberta-v1,True,False,0.9476117103235747,0.9667213375208308
Blocking,amazon-google,all-distilroberta-v1,True,False,0.9599383667180277,0.9712521314454952
Blocking,amazon-google,all-distilroberta-v1,True,False,0.963020030816641,0.9709536966984724
Blocking,amazon-google,all-distilroberta-v1,True,False,0.9661016949152542,0.9706142549784498
Blocking,amazon-google,all-distilroberta-v1,True,False,0.9722650231124808,0.9717932586329602
Blocking,amazon-google,all-distilroberta-v1,True,False,0.9745762711864406,0.9710184779404911
Blocking,amazon-google,all-distilroberta-v1,True,False,0.977657935285054,0.9705821406431197
Blocking,amazon-google,all-distilroberta-v1,True,False,0.9791987673343605,0.969349344406221
Blocking,amazon-google,all-distilroberta-v1,True,False,0.9815100154083205,0.9684994959645564
Blocking,amazon-google,all-distilroberta-v1,True,False,0.985362095531587,0.9683903315424441
Blocking,amazon-google,all-distilroberta-v1,True,False,0.987673343605547,0.9674869625187459
Blocking,amazon-google,all-distilroberta-v1,False,False,0.9206471494607088,0.9558837864358144
Blocking,amazon-google,all-distilroberta-v1,False,False,0.9391371340523883,0.963955059494234
Blocking,amazon-google,all-distilroberta-v1,False,False,0.9468412942989214,0.9661336421666292
Blocking,amazon-google,all-distilroberta-v1,False,False,0.9591679506933745,0.9706181934465011
Blocking,amazon-google,all-distilroberta-v1,False,False,0.9684129429892142,0.9733817754828563
Blocking,amazon-google,all-distilroberta-v1,False,False,0.9707241910631741,0.9725864254609041
Blocking,amazon-google,all-distilroberta-v1,False,False,0.9745762711864406,0.9725530998182845
Blocking,amazon-google,all-distilroberta-v1,False,False,0.977657935285054,0.9720960760078439
Blocking,amazon-google,all-distilroberta-v1,False,False,0.9784283513097073,0.9704929348802841
Blocking,amazon-google,all-distilroberta-v1,False,False,0.9830508474576272,0.9707481605488693
Blocking,amazon-google,all-distilroberta-v1,False,False,0.985362095531587,0.9698568904127717
Blocking,amazon-google,all-distilroberta-v1,False,False,0.987673343605547,0.9689393189052876
Blocking,amazon-google,all-distilroberta-v1,False,False,0.9899845916795069,0.9679909153086396
Blocking,amazon-google,all-mpnet-base-v2,True,True,0.9314329738058552,0.9617130538100747
Blocking,amazon-google,all-mpnet-base-v2,True,True,0.9522342064714946,0.9708606087405459
Blocking,amazon-google,all-mpnet-base-v2,True,True,0.963020030816641,0.9745499793130805
Blocking,amazon-google,all-mpnet-base-v2,True,True,0.9722650231124808,0.9773510518562356
Blocking,amazon-google,all-mpnet-base-v2,True,True,0.9784283513097073,0.9785184461337085
Blocking,amazon-google,all-mpnet-base-v2,True,True,0.9838212634822804,0.9792324164812015
Blocking,amazon-google,all-mpnet-base-v2,True,True,0.9869029275808937,0.9787763881575905
Blocking,amazon-google,all-mpnet-base-v2,True,True,0.9884437596302003,0.9775246793554866
Blocking,amazon-google,all-mpnet-base-v2,True,True,0.9907550077041603,0.9766387206516137
Blocking,amazon-google,all-mpnet-base-v2,True,True,0.9915254237288136,0.9749667823777954
Blocking,amazon-google,all-mpnet-base-v2,True,True,0.9922958397534669,0.9732740411924304
Blocking,amazon-google,all-mpnet-base-v2,True,True,0.9946070878274268,0.9723604225481083
Blocking,amazon-google,all-mpnet-base-v2,True,True,0.9961479198767335,0.9709984275818058
Blocking,amazon-google,all-mpnet-base-v2,False,True,0.9268104776579353,0.9592622786275641
Blocking,amazon-google,all-mpnet-base-v2,False,True,0.9476117103235747,0.9684649735614088
Blocking,amazon-google,all-mpnet-base-v2,False,True,0.9560862865947611,0.9709933281908505
Blocking,amazon-google,all-mpnet-base-v2,False,True,0.9684129429892142,0.9754102256864688
Blocking,amazon-google,all-mpnet-base-v2,False,True,0.9745762711864406,0.9766024600460093
Blocking,amazon-google,all-mpnet-base-v2,False,True,0.9799691833590138,0.9773481795328033
Blocking,amazon-google,all-mpnet-base-v2,False,True,0.9830508474576272,0.9769426795196137
Blocking,amazon-google,all-mpnet-base-v2,False,True,0.985362095531587,0.9760968759881725
Blocking,amazon-google,all-mpnet-base-v2,False,True,0.9861325115562404,0.9744620023358891
Blocking,amazon-google,all-mpnet-base-v2,False,True,0.9892141756548536,0.9739388945987656
Blocking,amazon-google,all-mpnet-base-v2,False,True,0.9899845916795069,0.9722741981702311
Blocking,amazon-google,all-mpnet-base-v2,False,True,0.9930662557781201,0.9717030286399878
Blocking,amazon-google,all-mpnet-base-v2,False,True,0.9938366718027735,0.9700187971787174
Blocking,amazon-google,all-mpnet-base-v2,True,False,0.926040061633282,0.9588782702971735
Blocking,amazon-google,all-mpnet-base-v2,True,False,0.9530046224961479,0.9713375315990175
Blocking,amazon-google,all-mpnet-base-v2,True,False,0.9637904468412943,0.9750384724496696
Blocking,amazon-google,all-mpnet-base-v2,True,False,0.9707241910631741,0.9766908789591123
Blocking,amazon-google,all-mpnet-base-v2,True,False,0.9745762711864406,0.9767306592575558
Blocking,amazon-google,all-mpnet-base-v2,True,False,0.9791987673343605,0.9771088778623913
Blocking,amazon-google,all-mpnet-base-v2,True,False,0.9830508474576272,0.9770828802812911
Blocking,amazon-google,all-mpnet-base-v2,True,False,0.9838212634822804,0.9755098203299449
Blocking,amazon-google,all-mpnet-base-v2,True,False,0.9884437596302003,0.9757715362650092
Blocking,amazon-google,all-mpnet-base-v2,True,False,0.9930662557781201,0.9760002865825395
Blocking,amazon-google,all-mpnet-base-v2,True,False,0.9946070878274268,0.9747042496897681
Blocking,amazon-google,all-mpnet-base-v2,True,False,0.9961479198767335,0.9734177231360728
Blocking,amazon-google,all-mpnet-base-v2,True,False,0.9969183359013868,0.9717283690945273
Blocking,amazon-google,all-mpnet-base-v2,False,False,0.9291217257318952,0.9604883629514968
Blocking,amazon-google,all-mpnet-base-v2,False,False,0.9514637904468413,0.9704807456916767
Blocking,amazon-google,all-mpnet-base-v2,False,False,0.9591679506933745,0.9725919067507057
Blocking,amazon-google,all-mpnet-base-v2,False,False,0.9722650231124808,0.977369990425635
Blocking,amazon-google,all-mpnet-base-v2,False,False,0.9799691833590138,0.9792971092410019
Blocking,amazon-google,all-mpnet-base-v2,False,False,0.985362095531587,0.9800232036630331
Blocking,amazon-google,all-mpnet-base-v2,False,False,0.9884437596302003,0.9795828147684013
Blocking,amazon-google,all-mpnet-base-v2,False,False,0.9899845916795069,0.9783402717046004
Blocking,amazon-google,all-mpnet-base-v2,False,False,0.9899845916795069,0.9763157680359609
Blocking,amazon-google,all-mpnet-base-v2,False,False,0.9915254237288136,0.9750286461193737
Blocking,amazon-google,all-mpnet-base-v2,False,False,0.9922958397534669,0.973348854634587
Blocking,amazon-google,all-mpnet-base-v2,False,False,0.9946070878274268,0.9724029755474891
Blocking,amazon-google,all-mpnet-base-v2,False,False,0.9953775038520801,0.9707112195217856
Blocking,amazon-google,multi-qa-mpnet-base-dot-v1,True,True,0.9391371340523883,0.9658620914857151
Blocking,amazon-google,multi-qa-mpnet-base-dot-v1,True,True,0.9684129429892142,0.9792705108943085
Blocking,amazon-google,multi-qa-mpnet-base-dot-v1,True,True,0.9799691833590138,0.983219225786941
Blocking,amazon-google,multi-qa-mpnet-base-dot-v1,True,True,0.985362095531587,0.9840079893864585
Blocking,amazon-google,multi-qa-mpnet-base-dot-v1,True,True,0.9899845916795069,0.9843548668424075
Blocking,amazon-google,multi-qa-mpnet-base-dot-v1,True,True,0.9922958397534669,0.9835343784497389
Blocking,amazon-google,multi-qa-mpnet-base-dot-v1,True,True,0.9930662557781201,0.9819314483362461
Blocking,amazon-google,multi-qa-mpnet-base-dot-v1,True,True,0.9961479198767335,0.9814242775482133
Blocking,amazon-google,multi-qa-mpnet-base-dot-v1,True,True,0.9961479198767335,0.979401720813504
Blocking,amazon-google,multi-qa-mpnet-base-dot-v1,True,True,0.9984591679506933,0.9784782274024375
Blocking,amazon-google,multi-qa-mpnet-base-dot-v1,True,True,0.9984591679506933,0.9764282098083025
Blocking,amazon-google,multi-qa-mpnet-base-dot-v1,True,True,0.9992295839753467,0.974753423505585
Blocking,amazon-google,multi-qa-mpnet-base-dot-v1,True,True,0.9992295839753467,0.9726922977737712
Blocking,amazon-google,multi-qa-mpnet-base-dot-v1,False,True,0.9545454545454546,0.9739398514805476
Blocking,amazon-google,multi-qa-mpnet-base-dot-v1,False,True,0.9761171032357473,0.9831861325338295
Blocking,amazon-google,multi-qa-mpnet-base-dot-v1,False,True,0.9845916795069337,0.9855671151946717
Blocking,amazon-google,multi-qa-mpnet-base-dot-v1,False,True,0.9892141756548536,0.9859600153595903
Blocking,amazon-google,multi-qa-mpnet-base-dot-v1,False,True,0.9922958397534669,0.9855337892185839
Blocking,amazon-google,multi-qa-mpnet-base-dot-v1,False,True,0.9930662557781201,0.983970787467554
Blocking,amazon-google,multi-qa-mpnet-base-dot-v1,False,True,0.9938366718027735,0.9823980028602166
Blocking,amazon-google,multi-qa-mpnet-base-dot-v1,False,True,0.9946070878274268,0.9807853526231145
Blocking,amazon-google,multi-qa-mpnet-base-dot-v1,False,True,0.9946070878274268,0.9787709839168155
Blocking,amazon-google,multi-qa-mpnet-base-dot-v1,False,True,0.9953775038520801,0.9771267605181375
Blocking,amazon-google,multi-qa-mpnet-base-dot-v1,False,True,0.99768875192604,0.9762238201288107
Blocking,amazon-google,multi-qa-mpnet-base-dot-v1,False,True,0.9992295839753467,0.9749334510050234
Blocking,amazon-google,multi-qa-mpnet-base-dot-v1,False,True,0.9992295839753467,0.9729016428894525
Blocking,amazon-google,multi-qa-mpnet-base-dot-v1,True,False,0.9414483821263482,0.9671069998735154
Blocking,amazon-google,multi-qa-mpnet-base-dot-v1,True,False,0.9668721109399075,0.9785232006329481
Blocking,amazon-google,multi-qa-mpnet-base-dot-v1,True,False,0.9815100154083205,0.9840758534362545
Blocking,amazon-google,multi-qa-mpnet-base-dot-v1,True,False,0.9869029275808937,0.9848647970094113
Blocking,amazon-google,multi-qa-mpnet-base-dot-v1,True,False,0.9892141756548536,0.9841067926294742
Blocking,amazon-google,multi-qa-mpnet-base-dot-v1,True,False,0.9907550077041603,0.9829441396574772
Blocking,amazon-google,multi-qa-mpnet-base-dot-v1,True,False,0.9922958397534669,0.981750907408882
Blocking,amazon-google,multi-qa-mpnet-base-dot-v1,True,False,0.9953775038520801,0.9812839880569889
Blocking,amazon-google,multi-qa-mpnet-base-dot-v1,True,False,0.9953775038520801,0.9792825927526436
Blocking,amazon-google,multi-qa-mpnet-base-dot-v1,True,False,0.9969183359013868,0.9779929057088025
Blocking,amazon-google,multi-qa-mpnet-base-dot-v1,True,False,0.99768875192604,0.9763476254813822
Blocking,amazon-google,multi-qa-mpnet-base-dot-v1,True,False,0.9984591679506933,0.9747037600346748
Blocking,amazon-google,multi-qa-mpnet-base-dot-v1,True,False,0.9984591679506933,0.972649123487036
Blocking,amazon-google,multi-qa-mpnet-base-dot-v1,False,False,0.9637904468412943,0.9787415141457707
Blocking,amazon-google,multi-qa-mpnet-base-dot-v1,False,False,0.9830508474576272,0.986712802256896
Blocking,amazon-google,multi-qa-mpnet-base-dot-v1,False,False,0.987673343605547,0.9871124239201995
Blocking,amazon-google,multi-qa-mpnet-base-dot-v1,False,False,0.9922958397534669,0.9874879867606273
Blocking,amazon-google,multi-qa-mpnet-base-dot-v1,False,False,0.9922958397534669,0.9855521310600376
Blocking,amazon-google,multi-qa-mpnet-base-dot-v1,False,False,0.9938366718027735,0.9843406665472685
Blocking,amazon-google,multi-qa-mpnet-base-dot-v1,False,False,0.9946070878274268,0.9827596385131997
Blocking,amazon-google,multi-qa-mpnet-base-dot-v1,False,False,0.9946070878274268,0.9807839217648835
Blocking,amazon-google,multi-qa-mpnet-base-dot-v1,False,False,0.9946070878274268,0.978762723524224
Blocking,amazon-google,multi-qa-mpnet-base-dot-v1,False,False,0.9953775038520801,0.9771307298860004
Blocking,amazon-google,multi-qa-mpnet-base-dot-v1,False,False,0.9969183359013868,0.9758479696126813
Blocking,amazon-google,multi-qa-mpnet-base-dot-v1,False,False,0.9984591679506933,0.9745359564490872
Blocking,amazon-google,multi-qa-mpnet-base-dot-v1,False,False,0.9984591679506933,0.9724982275976661
Blocking,abt-buy,sentence-transformers/allenai-specter,True,True,0.9569990850869168,0.9744301355658423
Blocking,abt-buy,sentence-transformers/allenai-specter,True,True,0.9762122598353157,0.9820914426980017
Blocking,abt-buy,sentence-transformers/allenai-specter,True,True,0.9853613906678865,0.984485174512676
Blocking,abt-buy,sentence-transformers/allenai-specter,True,True,0.9908508691674291,0.9849581525073187
Blocking,abt-buy,sentence-transformers/allenai-specter,True,True,0.9926806953339433,0.9835924091177375
Blocking,abt-buy,sentence-transformers/allenai-specter,True,True,0.9954254345837146,0.9826458446018881
Blocking,abt-buy,sentence-transformers/allenai-specter,True,True,0.9963403476669717,0.9807754655135247
Blocking,abt-buy,sentence-transformers/allenai-specter,True,True,0.9981701738334858,0.9793255466972592
Blocking,abt-buy,sentence-transformers/allenai-specter,True,True,0.9981701738334858,0.9769517370295508
Blocking,abt-buy,sentence-transformers/allenai-specter,True,True,0.9990850869167429,0.9750124663049322
Blocking,abt-buy,sentence-transformers/allenai-specter,True,True,0.9990850869167429,0.9725816869983528
Blocking,abt-buy,sentence-transformers/allenai-specter,True,True,0.9990850869167429,0.9701460572179005
Blocking,abt-buy,sentence-transformers/allenai-specter,True,True,0.9990850869167429,0.967710546731312
Blocking,abt-buy,sentence-transformers/allenai-specter,False,True,0.9533394327538883,0.972423319335897
Blocking,abt-buy,sentence-transformers/allenai-specter,False,True,0.9743824336688015,0.9809724371585246
Blocking,abt-buy,sentence-transformers/allenai-specter,False,True,0.9807868252516011,0.9819106265609419
Blocking,abt-buy,sentence-transformers/allenai-specter,False,True,0.989935956084172,0.9841880656683332
Blocking,abt-buy,sentence-transformers/allenai-specter,False,True,0.9945105215004575,0.9841002977212412
Blocking,abt-buy,sentence-transformers/allenai-specter,False,True,0.9972552607502287,0.9830919503564142
Blocking,abt-buy,sentence-transformers/allenai-specter,False,True,0.9972552607502287,0.9807364017737629
Blocking,abt-buy,sentence-transformers/allenai-specter,False,True,0.9981701738334858,0.978811705105904
Blocking,abt-buy,sentence-transformers/allenai-specter,False,True,0.9981701738334858,0.976454950333847
Blocking,abt-buy,sentence-transformers/allenai-specter,False,True,0.9981701738334858,0.9740361614650886
Blocking,abt-buy,sentence-transformers/allenai-specter,False,True,0.9990850869167429,0.9720542918099957
Blocking,abt-buy,sentence-transformers/allenai-specter,False,True,0.9990850869167429,0.9696188469529218
Blocking,abt-buy,sentence-transformers/allenai-specter,False,True,0.9990850869167429,0.9671794816639939
Blocking,abt-buy,sentence-transformers/allenai-specter,True,False,0.9569990850869168,0.9744856579793949
Blocking,abt-buy,sentence-transformers/allenai-specter,True,False,0.9762122598353157,0.9821600685834379
Blocking,abt-buy,sentence-transformers/allenai-specter,True,False,0.9853613906678865,0.9845450000316108
Blocking,abt-buy,sentence-transformers/allenai-specter,True,False,0.9908508691674291,0.9850421548602084
Blocking,abt-buy,sentence-transformers/allenai-specter,True,False,0.9935956084172004,0.9841302518938125
Blocking,abt-buy,sentence-transformers/allenai-specter,True,False,0.9954254345837146,0.9827475101910779
Blocking,abt-buy,sentence-transformers/allenai-specter,True,False,0.9972552607502287,0.9813352795774113
Blocking,abt-buy,sentence-transformers/allenai-specter,True,False,0.9981701738334858,0.9794561240101141
Blocking,abt-buy,sentence-transformers/allenai-specter,True,False,0.9981701738334858,0.9771045650657971
Blocking,abt-buy,sentence-transformers/allenai-specter,True,False,0.9990850869167429,0.9751763586515669
Blocking,abt-buy,sentence-transformers/allenai-specter,True,False,0.9990850869167429,0.9727686681497703
Blocking,abt-buy,sentence-transformers/allenai-specter,True,False,0.9990850869167429,0.970347824429837
Blocking,abt-buy,sentence-transformers/allenai-specter,True,False,0.9990850869167429,0.967922729520094
Blocking,abt-buy,sentence-transformers/allenai-specter,False,False,0.9551692589204026,0.9734831437173568
Blocking,abt-buy,sentence-transformers/allenai-specter,False,False,0.9771271729185728,0.9825500215310325
Blocking,abt-buy,sentence-transformers/allenai-specter,False,False,0.9853613906678865,0.9844474085687673
Blocking,abt-buy,sentence-transformers/allenai-specter,False,False,0.9917657822506862,0.9854061131547454
Blocking,abt-buy,sentence-transformers/allenai-specter,False,False,0.9972552607502287,0.9858249926937648
Blocking,abt-buy,sentence-transformers/allenai-specter,False,False,0.9981701738334858,0.9839870017236166
Blocking,abt-buy,sentence-transformers/allenai-specter,False,False,0.9981701738334858,0.9816975174437795
Blocking,abt-buy,sentence-transformers/allenai-specter,False,False,0.9990850869167429,0.9798585418691641
Blocking,abt-buy,sentence-transformers/allenai-specter,False,False,0.9990850869167429,0.9775435958408238
Blocking,abt-buy,sentence-transformers/allenai-specter,False,False,0.9990850869167429,0.9751861283524799
Blocking,abt-buy,sentence-transformers/allenai-specter,False,False,0.9990850869167429,0.9728244369129665
Blocking,abt-buy,sentence-transformers/allenai-specter,False,False,0.9990850869167429,0.9704392661445008
Blocking,abt-buy,sentence-transformers/allenai-specter,False,False,0.9990850869167429,0.9680155038702644
Blocking,abt-buy,all-distilroberta-v1,True,True,0.9771271729185728,0.9852022204363282
Blocking,abt-buy,all-distilroberta-v1,True,True,0.9881061299176578,0.9887517073223803
Blocking,abt-buy,all-distilroberta-v1,True,True,0.9926806953339433,0.9890016022955866
Blocking,abt-buy,all-distilroberta-v1,True,True,0.9954254345837146,0.988336072088198
Blocking,abt-buy,all-distilroberta-v1,True,True,0.9972552607502287,0.9871954899434972
Blocking,abt-buy,all-distilroberta-v1,True,True,0.9990850869167429,0.9859735990567776
Blocking,abt-buy,all-distilroberta-v1,True,True,0.9990850869167429,0.9839029725054027
Blocking,abt-buy,all-distilroberta-v1,True,True,1.0,0.9822351645367171
Blocking,abt-buy,all-distilroberta-v1,True,True,1.0,0.9800838257440593
Blocking,abt-buy,all-distilroberta-v1,True,True,1.0,0.9779176205335652
Blocking,abt-buy,all-distilroberta-v1,True,True,1.0,0.9757093100139008
Blocking,abt-buy,all-distilroberta-v1,True,True,1.0,0.9734664417273945
Blocking,abt-buy,all-distilroberta-v1,True,True,1.0,0.9712262819015615
Blocking,abt-buy,all-distilroberta-v1,False,True,0.9716376944190301,0.9822699036283256
Blocking,abt-buy,all-distilroberta-v1,False,True,0.9862763037511436,0.9876354174051823
Blocking,abt-buy,all-distilroberta-v1,False,True,0.9890210430009149,0.9869599733277814
Blocking,abt-buy,all-distilroberta-v1,False,True,0.9954254345837146,0.9881005843224646
Blocking,abt-buy,all-distilroberta-v1,False,True,0.9990850869167429,0.987784160251758
Blocking,abt-buy,all-distilroberta-v1,False,True,1.0,0.9860371509448791
Blocking,abt-buy,all-distilroberta-v1,False,True,1.0,0.9838555148201296
Blocking,abt-buy,all-distilroberta-v1,False,True,1.0,0.9816477790090137
Blocking,abt-buy,all-distilroberta-v1,False,True,1.0,0.9794101347267985
Blocking,abt-buy,all-distilroberta-v1,False,True,1.0,0.9771258537295482
Blocking,abt-buy,all-distilroberta-v1,False,True,1.0,0.9748148534134061
Blocking,abt-buy,all-distilroberta-v1,False,True,1.0,0.9724942812477152
Blocking,abt-buy,all-distilroberta-v1,False,True,1.0,0.9701384720613074
Blocking,abt-buy,all-distilroberta-v1,True,False,0.9752973467520586,0.9843290523985605
Blocking,abt-buy,all-distilroberta-v1,True,False,0.989935956084172,0.9897508740511856
Blocking,abt-buy,all-distilroberta-v1,True,False,0.9935956084172004,0.9895831520105248
Blocking,abt-buy,all-distilroberta-v1,True,False,0.9972552607502287,0.9893765974416933
Blocking,abt-buy,all-distilroberta-v1,True,False,0.9981701738334858,0.987803573452729
Blocking,abt-buy,all-distilroberta-v1,True,False,1.0,0.9865851208678377
Blocking,abt-buy,all-distilroberta-v1,True,False,1.0,0.9845246620858737
Blocking,abt-buy,all-distilroberta-v1,True,False,1.0,0.9824268619199252
Blocking,abt-buy,all-distilroberta-v1,True,False,1.0,0.9802913090594501
Blocking,abt-buy,all-distilroberta-v1,True,False,1.0,0.9781321781991802
Blocking,abt-buy,all-distilroberta-v1,True,False,1.0,0.9759447846533816
Blocking,abt-buy,all-distilroberta-v1,True,False,1.0,0.9737270394146572
Blocking,abt-buy,all-distilroberta-v1,True,False,1.0,0.9714691990203074
Blocking,abt-buy,all-distilroberta-v1,False,False,0.9734675205855444,0.9832725718100556
Blocking,abt-buy,all-distilroberta-v1,False,False,0.9844464775846294,0.9868625659647834
Blocking,abt-buy,all-distilroberta-v1,False,False,0.9917657822506862,0.9885059654456977
Blocking,abt-buy,all-distilroberta-v1,False,False,0.9945105215004575,0.9878900502076642
Blocking,abt-buy,all-distilroberta-v1,False,False,0.9981701738334858,0.9876219284414878
Blocking,abt-buy,all-distilroberta-v1,False,False,0.9990850869167429,0.9859205559400367
Blocking,abt-buy,all-distilroberta-v1,False,False,0.9990850869167429,0.9837933897734404
Blocking,abt-buy,all-distilroberta-v1,False,False,0.9990850869167429,0.9816568261490901
Blocking,abt-buy,all-distilroberta-v1,False,False,1.0,0.9798908036938009
Blocking,abt-buy,all-distilroberta-v1,False,False,1.0,0.9776498501055085
Blocking,abt-buy,all-distilroberta-v1,False,False,1.0,0.9753754613927388
Blocking,abt-buy,all-distilroberta-v1,False,False,1.0,0.9730989705779369
Blocking,abt-buy,all-distilroberta-v1,False,False,1.0,0.9707683716161163
Blocking,abt-buy,all-mpnet-base-v2,True,True,0.970722781335773,0.9818245159464152
Blocking,abt-buy,all-mpnet-base-v2,True,True,0.9835315645013724,0.9863361101589857
Blocking,abt-buy,all-mpnet-base-v2,True,True,0.9926806953339433,0.9888872303400527
Blocking,abt-buy,all-mpnet-base-v2,True,True,0.9963403476669717,0.9886797425298621
Blocking,abt-buy,all-mpnet-base-v2,True,True,0.9981701738334858,0.9875302161083266
Blocking,abt-buy,all-mpnet-base-v2,True,True,0.9990850869167429,0.9858618542080452
Blocking,abt-buy,all-mpnet-base-v2,True,True,1.0,0.9842157663351716
Blocking,abt-buy,all-mpnet-base-v2,True,True,1.0,0.9821496012071567
Blocking,abt-buy,all-mpnet-base-v2,True,True,1.0,0.9800252217487684
Blocking,abt-buy,all-mpnet-base-v2,True,True,1.0,0.9778844334690869
Blocking,abt-buy,all-mpnet-base-v2,True,True,1.0,0.9757626345098298
Blocking,abt-buy,all-mpnet-base-v2,True,True,1.0,0.9735739989330996
Blocking,abt-buy,all-mpnet-base-v2,True,True,1.0,0.9713540293757682
Blocking,abt-buy,all-mpnet-base-v2,False,True,0.9762122598353157,0.9847456958756335
Blocking,abt-buy,all-mpnet-base-v2,False,True,0.9890210430009149,0.9892184414179561
Blocking,abt-buy,all-mpnet-base-v2,False,True,0.9935956084172004,0.9895024435271785
Blocking,abt-buy,all-mpnet-base-v2,False,True,0.9963403476669717,0.9888771219116033
Blocking,abt-buy,all-mpnet-base-v2,False,True,1.0,0.988622937645062
Blocking,abt-buy,all-mpnet-base-v2,False,True,1.0,0.9865464037675736
Blocking,abt-buy,all-mpnet-base-v2,False,True,1.0,0.9844953971382339
Blocking,abt-buy,all-mpnet-base-v2,False,True,1.0,0.9824369492555454
Blocking,abt-buy,all-mpnet-base-v2,False,True,1.0,0.9803507632348165
Blocking,abt-buy,all-mpnet-base-v2,False,True,1.0,0.978250699262415
Blocking,abt-buy,all-mpnet-base-v2,False,True,1.0,0.976118877388611
Blocking,abt-buy,all-mpnet-base-v2,False,True,1.0,0.9739759115732052
Blocking,abt-buy,all-mpnet-base-v2,False,True,1.0,0.9718024630709211
Blocking,abt-buy,all-mpnet-base-v2,True,False,0.9743824336688015,0.9837910040917827
Blocking,abt-buy,all-mpnet-base-v2,True,False,0.9835315645013724,0.9864700189734185
Blocking,abt-buy,all-mpnet-base-v2,True,False,0.989935956084172,0.9876791943238782
Blocking,abt-buy,all-mpnet-base-v2,True,False,0.9945105215004575,0.9879424128839454
Blocking,abt-buy,all-mpnet-base-v2,True,False,0.9981701738334858,0.9877080017335353
Blocking,abt-buy,all-mpnet-base-v2,True,False,0.9990850869167429,0.986074452598986
Blocking,abt-buy,all-mpnet-base-v2,True,False,1.0,0.9844508412925915
Blocking,abt-buy,all-mpnet-base-v2,True,False,1.0,0.9824132656293842
Blocking,abt-buy,all-mpnet-base-v2,True,False,1.0,0.9803327075146187
Blocking,abt-buy,all-mpnet-base-v2,True,False,1.0,0.9782223982238264
Blocking,abt-buy,all-mpnet-base-v2,True,False,1.0,0.9761046679555869
Blocking,abt-buy,all-mpnet-base-v2,True,False,1.0,0.9739290900106349
Blocking,abt-buy,all-mpnet-base-v2,True,False,1.0,0.9717729080542069
Blocking,abt-buy,all-mpnet-base-v2,False,False,0.9771271729185728,0.9852063863656769
Blocking,abt-buy,all-mpnet-base-v2,False,False,0.9908508691674291,0.9901341465476627
Blocking,abt-buy,all-mpnet-base-v2,False,False,0.9945105215004575,0.9899631958402091
Blocking,abt-buy,all-mpnet-base-v2,False,False,0.9972552607502287,0.9893107594251075
Blocking,abt-buy,all-mpnet-base-v2,False,False,1.0,0.988616871978793
Blocking,abt-buy,all-mpnet-base-v2,False,False,1.0,0.9865464037675736
Blocking,abt-buy,all-mpnet-base-v2,False,False,1.0,0.9845085010546744
Blocking,abt-buy,all-mpnet-base-v2,False,False,1.0,0.9824457206891722
Blocking,abt-buy,all-mpnet-base-v2,False,False,1.0,0.9803569284562382
Blocking,abt-buy,all-mpnet-base-v2,False,False,1.0,0.9782573320915547
Blocking,abt-buy,all-mpnet-base-v2,False,False,1.0,0.976134862529349
Blocking,abt-buy,all-mpnet-base-v2,False,False,1.0,0.9740008813260567
Blocking,abt-buy,all-mpnet-base-v2,False,False,1.0,0.9718194788249783
Blocking,abt-buy,multi-qa-mpnet-base-dot-v1,True,True,0.979871912168344,0.9865590782481632
Blocking,abt-buy,multi-qa-mpnet-base-dot-v1,True,True,0.9881061299176578,0.9887178651006693
Blocking,abt-buy,multi-qa-mpnet-base-dot-v1,True,True,0.9926806953339433,0.9889619164946626
Blocking,abt-buy,multi-qa-mpnet-base-dot-v1,True,True,0.9972552607502287,0.9891751834054358
Blocking,abt-buy,multi-qa-mpnet-base-dot-v1,True,True,0.9972552607502287,0.9871081870501501
Blocking,abt-buy,multi-qa-mpnet-base-dot-v1,True,True,0.9981701738334858,0.9854227368289767
Blocking,abt-buy,multi-qa-mpnet-base-dot-v1,True,True,0.9990850869167429,0.9837715577156347
Blocking,abt-buy,multi-qa-mpnet-base-dot-v1,True,True,0.9990850869167429,0.9816502490110091
Blocking,abt-buy,multi-qa-mpnet-base-dot-v1,True,True,1.0,0.9799450158933707
Blocking,abt-buy,multi-qa-mpnet-base-dot-v1,True,True,1.0,0.9777512210329419
Blocking,abt-buy,multi-qa-mpnet-base-dot-v1,True,True,1.0,0.9755581937848871
Blocking,abt-buy,multi-qa-mpnet-base-dot-v1,True,True,1.0,0.9732954641819495
Blocking,abt-buy,multi-qa-mpnet-base-dot-v1,True,True,1.0,0.9710576963306974
Blocking,abt-buy,multi-qa-mpnet-base-dot-v1,False,True,0.9853613906678865,0.9894307364583683
Blocking,abt-buy,multi-qa-mpnet-base-dot-v1,False,True,0.9935956084172004,0.9916017320875506
Blocking,abt-buy,multi-qa-mpnet-base-dot-v1,False,True,0.9963403476669717,0.990970832963125
Blocking,abt-buy,multi-qa-mpnet-base-dot-v1,False,True,1.0,0.9907824468514851
Blocking,abt-buy,multi-qa-mpnet-base-dot-v1,False,True,1.0,0.9887399041212773
Blocking,abt-buy,multi-qa-mpnet-base-dot-v1,False,True,1.0,0.986658196770566
Blocking,abt-buy,multi-qa-mpnet-base-dot-v1,False,True,1.0,0.9845954151393045
Blocking,abt-buy,multi-qa-mpnet-base-dot-v1,False,True,1.0,0.9825001002026033
Blocking,abt-buy,multi-qa-mpnet-base-dot-v1,False,True,1.0,0.9803868727569542
Blocking,abt-buy,multi-qa-mpnet-base-dot-v1,False,True,1.0,0.9782679444390588
Blocking,abt-buy,multi-qa-mpnet-base-dot-v1,False,True,1.0,0.9761237617901258
Blocking,abt-buy,multi-qa-mpnet-base-dot-v1,False,True,1.0,0.9739348871977852
Blocking,abt-buy,multi-qa-mpnet-base-dot-v1,False,True,1.0,0.9716954300217037
Blocking,abt-buy,multi-qa-mpnet-base-dot-v1,True,False,0.9807868252516011,0.9870911646294103
Blocking,abt-buy,multi-qa-mpnet-base-dot-v1,True,False,0.9881061299176578,0.9888079648825215
Blocking,abt-buy,multi-qa-mpnet-base-dot-v1,True,False,0.9926806953339433,0.9890946168374714
Blocking,abt-buy,multi-qa-mpnet-base-dot-v1,True,False,0.9972552607502287,0.9893262514990682
Blocking,abt-buy,multi-qa-mpnet-base-dot-v1,True,False,0.9981701738334858,0.9877382752787479
Blocking,abt-buy,multi-qa-mpnet-base-dot-v1,True,False,0.9990850869167429,0.9861031400210024
Blocking,abt-buy,multi-qa-mpnet-base-dot-v1,True,False,0.9990850869167429,0.9840378446328603
Blocking,abt-buy,multi-qa-mpnet-base-dot-v1,True,False,0.9990850869167429,0.981964102833434
Blocking,abt-buy,multi-qa-mpnet-base-dot-v1,True,False,1.0,0.9802798578294238
Blocking,abt-buy,multi-qa-mpnet-base-dot-v1,True,False,1.0,0.9781127168893542
Blocking,abt-buy,multi-qa-mpnet-base-dot-v1,True,False,1.0,0.975909692469789
Blocking,abt-buy,multi-qa-mpnet-base-dot-v1,True,False,1.0,0.9736931335061737
Blocking,abt-buy,multi-qa-mpnet-base-dot-v1,True,False,1.0,0.9714781605570015
Blocking,abt-buy,multi-qa-mpnet-base-dot-v1,False,False,0.9853613906678865,0.9894382977554935
Blocking,abt-buy,multi-qa-mpnet-base-dot-v1,False,False,0.9935956084172004,0.9916068352802445
Blocking,abt-buy,multi-qa-mpnet-base-dot-v1,False,False,0.9963403476669717,0.9909755425279488
Blocking,abt-buy,multi-qa-mpnet-base-dot-v1,False,False,1.0,0.9908014285805885
Blocking,abt-buy,multi-qa-mpnet-base-dot-v1,False,False,1.0,0.9887658929975722
Blocking,abt-buy,multi-qa-mpnet-base-dot-v1,False,False,1.0,0.9867208248711139
Blocking,abt-buy,multi-qa-mpnet-base-dot-v1,False,False,1.0,0.9846652850213332
Blocking,abt-buy,multi-qa-mpnet-base-dot-v1,False,False,1.0,0.9826027037753826
Blocking,abt-buy,multi-qa-mpnet-base-dot-v1,False,False,1.0,0.9804868211443799
Blocking,abt-buy,multi-qa-mpnet-base-dot-v1,False,False,1.0,0.97836388774095
Blocking,abt-buy,multi-qa-mpnet-base-dot-v1,False,False,1.0,0.9762010179430127
Blocking,abt-buy,multi-qa-mpnet-base-dot-v1,False,False,1.0,0.9740361044465893
Blocking,abt-buy,multi-qa-mpnet-base-dot-v1,False,False,1.0,0.9718329119172068
